x,y,o,r
0,0,0,2
0,-1,0,2
0,-2,0,2
0,-3,0,2
0,-4,1,2
0,-5,1,3
0,-6,2,3
0,-7,1,3
0,-8,2,3
0,-9,2,0
0,-10,2,0
0,-11,2,0
0,-12,2,1
0,-13,2,0
0,-14,2,1
0,-15,2,3
0,-16,2,1
0,-17,3,0
1,0,0,1
1,-1,0,2
1,-2,1,3
1,-3,0,1
1,-4,1,2
1,-5,1,2
1,-6,1,2
1,-7,2,3
1,-8,2,0
1,-9,2,3
1,-10,2,2
1,-11,2,3
1,-12,2,0
1,-13,2,3
1,-14,2,0
1,-15,2,2
1,-16,2,1
1,-17,3,0
2,0,0,3
2,-1,0,0
2,-2,0,2
2,-3,0,0
2,-4,1,2
2,-5,1,3
2,-6,1,0
2,-7,2,0
2,-8,2,2
2,-9,2,3
2,-10,2,3
2,-11,2,0
2,-12,2,0
2,-13,2,0
2,-14,2,3
2,-15,2,1
2,-16,2,0
2,-17,3,0
3,1,0,0
3,0,0,1
3,-1,0,3
3,-2,1,3
3,-3,1,0
3,-4,1,1
3,-5,1,0
3,-6,2,1
3,-7,2,3
3,-8,2,2
3,-9,2,2
3,-10,2,3
3,-11,2,1
3,-12,2,3
3,-13,2,0
3,-14,2,0
3,-15,2,3
3,-16,2,3
3,-17,3,0
4,0,0,2
4,-1,0,1
4,-2,0,2
4,-3,1,0
4,-4,1,2
4,-5,1,0
4,-6,2,3
4,-7,1,3
4,-8,2,2
4,-9,2,1
4,-10,2,2
4,-11,2,3
4,-12,2,1
4,-13,2,0
4,-14,2,3
4,-15,2,0
4,-16,2,3
4,-17,3,0
5,-1,0,3
5,-2,0,1
5,-3,0,1
5,-4,0,3
5,-5,1,0
5,-6,1,1
5,-7,1,0
5,-8,2,2
5,-9,2,3
5,-10,2,1
5,-11,2,1
5,-12,2,0
5,-13,2,2
5,-14,2,0
5,-15,2,3
5,-16,2,0
5,-17,3,0
6,0,0,1
6,-1,0,2
6,-2,0,3
6,-3,1,2
6,-4,1,3
6,-5,1,2
6,-6,1,3
6,-7,2,0
6,-8,2,0
6,-9,2,3
6,-10,2,0
6,-11,2,3
6,-12,2,3
6,-13,2,1
6,-14,-1,3
6,-15,-1,1
6,-16,2,0
6,-17,3,0
7,1,0,0
7,0,0,3
7,-1,0,0
7,-2,1,1
7,-3,1,3
7,-4,1,1
7,-5,2,2
7,-6,2,1
7,-7,2,3
7,-8,2,3
7,-9,2,1
7,-10,2,2
7,-11,2,2
7,-12,2,2
7,-13,2,0
7,-14,2,1
7,-15,2,2
7,-16,2,1
7,-17,3,0
8,1,0,3
8,0,0,0
8,-1,0,0
8,-2,1,0
8,-3,1,1
8,-4,1,0
8,-5,1,2
8,-6,1,0
8,-7,2,2
8,-8,2,0
8,-9,2,0
8,-10,2,2
8,-11,2,3
8,-12,2,0
8,-13,2,3
8,-14,2,2
8,-15,2,1
8,-16,2,1
8,-17,3,0
9,2,0,2
9,1,0,0
9,0,0,3
9,-1,1,2
9,-2,1,3
9,-3,1,0
9,-4,2,3
9,-5,2,0
9,-6,2,2
9,-7,2,1
9,-8,2,3
9,-9,2,1
9,-10,2,1
9,-11,-1,3
9,-12,2,3
9,-13,2,0
9,-14,2,0
9,-15,2,0
9,-16,2,1
9,-17,3,0
10,2,0,0
10,1,0,3
10,0,0,2
10,-1,1,3
10,-2,1,2
10,-3,1,1
10,-4,1,0
10,-5,2,0
10,-6,2,1
10,-7,2,0
10,-8,2,3
10,-9,2,3
10,-10,2,1
10,-11,2,0
10,-12,2,0
10,-13,2,0
10,-14,2,3
10,-15,2,2
10,-16,2,1
10,-17,3,0
11,2,0,3
11,1,0,3
11,0,1,3
11,-1,0,3
11,-2,1,1
11,-3,1,0
11,-4,1,3
11,-5,2,3
11,-6,2,0
11,-7,2,3
11,-8,2,1
11,-9,2,3
11,-10,2,3
11,-11,2,2
11,-12,2,2
11,-13,2,3
11,-14,2,2
11,-15,2,1
11,-16,2,2
11,-17,3,0
12,3,0,0
12,2,0,0
12,1,0,1
12,0,1,1
12,-1,1,2
12,-2,1,2
12,-3,2,2
12,-4,2,1
12,-5,2,1
12,-6,2,1
12,-7,2,0
12,-8,2,0
12,-9,2,3
12,-10,2,0
12,-11,2,3
12,-12,2,3
12,-13,2,1
12,-14,2,2
12,-15,2,3
12,-16,2,3
12,-17,3,0
13,4,0,1
13,3,0,3
13,2,0,1
13,1,0,3
13,0,1,3
13,-1,1,3
13,-2,2,2
13,-3,1,2
13,-4,2,0
13,-5,2,2
13,-6,2,1
13,-7,2,1
13,-8,2,0
13,-9,2,2
13,-10,2,2
13,-11,2,1
13,-12,2,1
13,-13,2,2
13,-14,2,2
13,-15,2,3
13,-16,2,1
13,-17,3,0
14,5,0,3
14,4,0,3
14,3,1,2
14,2,0,2
14,1,1,3
14,0,1,2
14,-1,2,1
14,-2,2,1
14,-3,2,0
14,-4,2,1
14,-5,2,2
14,-6,2,3
14,-7,2,0
14,-8,2,0
14,-9,2,3
14,-10,2,2
14,-11,2,1
14,-12,2,2
14,-13,2,1
14,-14,2,2
14,-15,2,3
14,-16,2,0
14,-17,3,0
15,6,0,2
15,5,0,3
15,4,1,1
15,3,1,1
15,2,1,0
15,1,1,0
15,0,2,1
15,-1,2,2
15,-2,2,0
15,-3,2,0
15,-4,-1,1
15,-5,2,1
15,-6,2,3
15,-7,2,1
15,-8,2,1
15,-9,2,0
15,-10,2,3
15,-11,2,2
15,-12,2,2
15,-13,2,3
15,-14,2,2
15,-15,2,0
15,-16,2,1
15,-17,3,0
16,6,0,0
16,5,0,2
16,4,0,0
16,3,0,0
16,2,1,0
16,1,1,3
16,0,1,1
16,-1,1,1
16,-2,2,2
16,-3,2,2
16,-4,2,3
16,-5,2,3
16,-6,2,2
16,-7,-1,2
16,-8,2,0
16,-9,2,0
16,-10,2,2
16,-11,2,3
16,-12,2,3
16,-13,2,1
16,-14,2,3
16,-15,2,0
16,-16,2,1
16,-17,3,0
17,7,0,2
17,6,0,3
17,5,0,2
17,4,0,1
17,3,1,1
17,2,1,2
17,1,1,3
17,0,1,2
17,-1,2,1
17,-2,2,3
17,-3,2,3
17,-4,2,1
17,-5,2,1
17,-6,2,2
17,-7,2,0
17,-8,2,3
17,-9,2,3
17,-10,2,2
17,-11,2,3
17,-12,2,1
17,-13,2,2
17,-14,2,2
17,-15,2,2
17,-16,2,2
17,-17,3,0
18,6,0,3
18,5,0,1
18,4,0,0
18,3,1,1
18,2,1,1
18,1,1,1
18,0,1,2
18,-1,2,3
18,-2,2,1
18,-3,2,2
18,-4,2,3
18,-5,2,1
18,-6,2,1
18,-7,2,2
18,-8,2,1
18,-9,2,1
18,-10,2,1
18,-11,2,0
18,-12,2,2
18,-13,2,2
18,-14,2,3
18,-15,2,0
18,-16,2,2
18,-17,3,0
19,6,0,3
19,5,0,0
19,4,0,3
19,3,1,3
19,2,1,1
19,1,1,2
19,0,1,0
19,-1,2,3
19,-2,2,2
19,-3,2,0
19,-4,2,2
19,-5,2,1
19,-6,2,1
19,-7,2,1
19,-8,2,2
19,-9,2,1
19,-10,2,2
19,-11,2,1
19,-12,2,3
19,-13,2,0
19,-14,2,1
19,-15,2,1
19,-16,2,2
19,-17,3,0
20,5,0,3
20,4,0,1
20,3,1,0
20,2,1,2
20,1,1,3
20,0,1,3
20,-1,1,3
20,-2,2,3
20,-3,2,3
20,-4,2,3
20,-5,2,1
20,-6,2,1
20,-7,2,2
20,-8,2,2
20,-9,2,3
20,-10,2,3
20,-11,2,1
20,-12,2,3
20,-13,2,2
20,-14,2,3
20,-15,2,3
20,-16,2,1
20,-17,3,0
21,5,0,3
21,4,0,1
21,3,0,2
21,2,1,2
21,1,1,0
21,0,1,3
21,-1,2,0
21,-2,2,2
21,-3,2,0
21,-4,2,1
21,-5,2,1
21,-6,2,0
21,-7,2,0
21,-8,2,0
21,-9,2,0
21,-10,2,1
21,-11,2,0
21,-12,2,2
21,-13,2,2
21,-14,2,0
21,-15,2,0
21,-16,2,3
21,-17,3,0
22,6,0,3
22,5,0,2
22,4,0,1
22,3,1,3
22,2,1,1
22,1,1,3
22,0,1,2
22,-1,2,3
22,-2,2,3
22,-3,2,0
22,-4,2,2
22,-5,2,3
22,-6,2,0
22,-7,2,1
22,-8,2,3
22,-9,2,1
22,-10,2,2
22,-11,2,2
22,-12,2,1
22,-13,2,3
22,-14,2,1
22,-15,2,3
22,-16,2,3
22,-17,3,0
23,7,0,2
23,6,0,3
23,5,1,3
23,4,0,1
23,3,1,3
23,2,1,3
23,1,2,2
23,0,2,1
23,-1,2,3
23,-2,2,2
23,-3,2,1
23,-4,2,1
23,-5,2,0
23,-6,2,0
23,-7,2,2
23,-8,2,1
23,-9,2,1
23,-10,2,3
23,-11,2,2
23,-12,2,3
23,-13,2,2
23,-14,2,1
23,-15,2,1
23,-16,2,2
23,-17,3,0
24,8,0,0
24,7,0,3
24,6,1,0
24,5,1,0
24,4,1,0
24,3,1,3
24,2,1,1
24,1,1,0
24,0,2,2
24,-1,2,3
24,-2,2,3
24,-3,2,1
24,-4,2,3
24,-5,2,1
24,-6,2,0
24,-7,2,3
24,-8,2,3
24,-9,2,0
24,-10,2,2
24,-11,2,2
24,-12,2,1
24,-13,2,2
24,-14,2,2
24,-15,2,0
24,-17,3,0
25,7,0,3
25,6,0,1
25,5,0,0
25,4,1,0
25,3,1,3
25,2,1,1
25,1,1,1
25,0,2,1
25,-1,2,2
25,-2,2,0
25,-3,2,0
25,-4,2,2
25,-5,2,0
25,-6,2,2
25,-7,2,2
25,-8,2,1
25,-9,2,2
25,-10,2,1
25,-11,2,0
25,-12,2,0
25,-13,2,3
25,-14,2,2
25,-15,2,0
25,-16,2,0
25,-17,3,0
26,7,0,1
26,6,0,0
26,5,1,1
26,4,1,2
26,3,1,1
26,2,1,3
26,1,2,2
26,0,2,0
26,-1,2,2
26,-2,2,2
26,-3,2,0
26,-4,2,1
26,-5,2,2
26,-6,2,2
26,-7,2,3
26,-8,2,0
26,-9,2,0
26,-10,2,2
26,-11,2,2
26,-12,2,2
26,-13,2,0
26,-14,2,1
26,-15,2,1
26,-16,2,2
26,-17,3,0
27,7,0,2
27,6,0,0
27,5,0,2
27,4,0,3
27,3,1,0
27,2,1,1
27,1,1,2
27,0,2,0
27,-1,2,2
27,-2,2,3
27,-3,2,1
27,-4,2,1
27,-5,2,2
27,-6,2,2
27,-7,2,1
27,-8,2,1
27,-9,2,3
27,-10,2,0
27,-11,2,2
27,-12,2,1
27,-13,2,0
27,-14,2,0
27,-15,2,3
27,-16,2,3
27,-17,3,0
28,6,0,0
28,5,0,3
28,4,0,0
28,3,1,3
28,2,1,0
28,1,1,3
28,0,2,0
28,-1,2,3
28,-2,2,0
28,-3,2,2
28,-4,2,2
28,-5,2,1
28,-6,2,0
28,-7,2,0
28,-8,2,1
28,-9,2,1
28,-10,2,2
28,-11,-1,1
28,-12,2,2
28,-13,2,3
28,-14,2,2
28,-15,2,1
28,-16,2,3
28,-17,3,0
29,5,0,1
29,4,0,0
29,3,0,0
29,2,1,2
29,1,1,3
29,0,1,1
29,-1,2,3
29,-2,1,1
29,-3,2,0
29,-4,2,1
29,-5,2,2
29,-6,2,0
29,-7,2,0
29,-8,2,0
29,-9,2,2
29,-10,2,0
29,-11,2,2
29,-12,2,3
29,-13,2,1
29,-14,2,0
29,-15,2,2
29,-16,-1,0
29,-17,3,0
30,6,0,1
30,5,0,0
30,4,1,0
30,3,0,0
30,2,1,0
30,1,1,2
30,0,1,0
30,-1,2,0
30,-2,2,1
30,-3,2,1
30,-4,2,0
30,-5,2,1
30,-6,2,2
30,-7,2,1
30,-8,2,3
30,-9,2,2
30,-10,2,2
30,-11,2,1
30,-12,2,2
30,-13,2,1
30,-14,2,1
30,-15,2,2
30,-16,2,2
30,-17,3,0
31,5,0,0
31,4,0,2
31,3,0,3
31,2,1,3
31,1,1,2
31,0,1,2
31,-1,2,1
31,-2,2,0
31,-3,2,0
31,-4,2,1
31,-5,2,1
31,-6,2,1
31,-7,2,2
31,-8,2,3
31,-9,2,1
31,-10,2,3
31,-11,2,0
31,-12,2,2
31,-13,2,0
31,-14,2,3
31,-15,2,3
31,-16,2,0
31,-17,3,0
32,4,0,0
32,3,0,2
32,2,0,3
32,1,1,0
32,0,1,2
32,-1,1,3
32,-2,1,1
32,-3,1,1
32,-4,2,0
32,-5,2,3
32,-6,2,2
32,-7,2,2
32,-8,-1,3
32,-9,2,1
32,-10,2,0
32,-11,2,1
32,-12,2,3
32,-13,2,2
32,-14,2,1
32,-15,2,0
32,-16,2,3
32,-17,3,0
33,3,0,0
33,2,0,1
33,1,1,2
33,0,1,0
33,-1,1,0
33,-2,1,2
33,-3,2,3
33,-4,2,0
33,-5,2,2
33,-6,2,1
33,-7,2,3
33,-8,2,3
33,-9,2,2
33,-10,2,3
33,-11,2,2
33,-12,2,3
33,-13,2,2
33,-14,2,2
33,-15,2,2
33,-16,2,1
33,-17,3,0
34,2,0,2
34,1,0,3
34,0,0,0
34,-1,0,0
34,-2,1,1
34,-3,1,0
34,-4,1,3
34,-5,1,2
34,-6,2,2
34,-7,2,0
34,-8,2,2
34,-9,2,2
34,-10,2,0
34,-11,2,0
34,-12,2,1
34,-13,2,0
34,-14,2,3
34,-15,2,3
34,-16,2,0
34,-17,3,0
35,2,0,0
35,1,0,2
35,0,0,2
35,-1,1,2
35,-2,1,2
35,-3,1,1
35,-4,2,3
35,-5,2,3
35,-6,2,2
35,-7,2,1
35,-8,2,0
35,-9,2,1
35,-10,2,2
35,-11,2,2
35,-12,2,2
35,-13,2,2
35,-14,2,2
35,-15,2,0
35,-16,2,1
35,-17,3,0
36,2,0,1
36,1,0,1
36,0,0,2
36,-1,0,2
36,-2,1,3
36,-3,1,1
36,-4,2,2
36,-5,2,1
36,-6,-1,2
36,-7,2,0
36,-8,2,3
36,-9,2,1
36,-10,2,3
36,-11,2,3
36,-12,2,0
36,-13,2,0
36,-14,2,0
36,-15,2,2
36,-16,2,1
36,-17,3,0
37,3,0,0
37,2,0,0
37,1,1,0
37,0,1,0
37,-1,1,1
37,-2,1,0
37,-3,1,2
37,-4,1,1
37,-5,2,3
37,-6,2,3
37,-7,2,3
37,-8,2,2
37,-9,2,0
37,-10,2,1
37,-11,2,0
37,-12,2,1
37,-13,2,0
37,-14,2,3
37,-15,2,3
37,-16,2,0
37,-17,3,0
38,2,0,2
38,1,0,1
38,0,0,0
38,-1,1,1
38,-2,1,2
38,-3,1,2
38,-4,2,1
38,-5,2,2
38,-6,2,3
38,-7,2,0
38,-8,2,3
38,-9,2,3
38,-10,2,1
38,-11,2,3
38,-12,2,2
38,-13,2,2
38,-14,2,2
38,-15,2,1
38,-16,2,3
38,-17,3,0
39,3,0,3
39,2,0,2
39,1,0,2
39,0,1,2
39,-1,1,1
39,-2,1,1
39,-3,2,3
39,-4,2,0
39,-5,2,2
39,-6,2,1
39,-7,2,1
39,-8,2,2
39,-9,2,1
39,-10,2,3
39,-11,2,1
39,-12,2,2
39,-13,2,2
39,-14,2,3
39,-15,2,2
39,-16,2,1
39,-17,3,0
40,4,0,3
40,3,0,2
40,2,0,3
40,1,1,2
40,0,1,2
40,-1,1,2
40,-2,1,2
40,-3,2,1
40,-4,2,1
40,-5,2,3
40,-6,-1,2
40,-7,2,3
40,-8,2,0
40,-9,2,2
40,-10,2,3
40,-11,2,1
40,-12,2,1
40,-13,2,3
40,-14,-1,0
40,-15,2,0
40,-16,2,1
40,-17,3,0
41,3,0,3
41,2,0,2
41,1,0,0
41,0,0,2
41,-1,1,0
41,-2,1,1
41,-3,1,3
41,-4,1,1
41,-5,2,2
41,-6,2,3
41,-7,2,1
41,-8,2,1
41,-9,2,3
41,-10,2,0
41,-11,2,0
41,-12,2,0
41,-13,2,0
41,-14,2,0
41,-15,2,2
41,-16,2,2
41,-17,3,0
42,3,0,1
42,2,0,2
42,1,0,1
42,0,1,2
42,-1,1,3
42,-2,1,2
42,-3,1,3
42,-4,2,0
42,-5,2,2
42,-6,-1,0
42,-7,2,1
42,-8,2,3
42,-9,2,2
42,-10,2,2
42,-11,2,1
42,-12,-1,0
42,-13,2,2
42,-14,2,3
42,-15,2,1
42,-16,2,3
42,-17,3,0
43,2,0,3
43,1,0,2
43,0,0,0
43,-1,1,1
43,-2,1,3
43,-3,1,3
43,-4,1,3
43,-5,1,3
43,-6,2,3
43,-7,2,1
43,-8,2,1
43,-9,2,1
43,-10,2,3
43,-11,2,0
43,-12,2,0
43,-13,2,0
43,-14,2,0
43,-15,2,2
43,-16,2,3
43,-17,3,0
44,2,0,2
44,1,0,0
44,0,0,3
44,-1,0,1
44,-2,1,3
44,-3,1,0
44,-4,2,2
44,-5,1,2
44,-6,2,2
44,-7,2,0
44,-8,2,1
44,-9,2,0
44,-10,2,3
44,-11,2,0
44,-12,2,1
44,-13,2,2
44,-14,2,0
44,-15,2,0
44,-16,2,2
44,-17,3,0
45,1,0,2
45,0,0,0
45,-1,1,1
45,-2,0,3
45,-3,1,1
45,-4,1,1
45,-5,2,2
45,-6,2,2
45,-7,-1,2
45,-8,2,1
45,-9,2,1
45,-10,2,0
45,-11,2,0
45,-12,2,3
45,-13,2,3
45,-14,2,3
45,-15,2,3
45,-16,2,0
45,-17,3,0
46,2,0,1
46,1,0,1
46,0,0,1
46,-1,1,1
46,-2,1,0
46,-3,1,2
46,-4,1,2
46,-5,1,3
46,-6,2,1
46,-7,2,1
46,-8,2,3
46,-9,2,3
46,-10,2,3
46,-11,2,3
46,-12,2,2
46,-13,2,2
46,-14,2,3
46,-15,2,2
46,-16,2,3
46,-17,3,0
47,3,0,1
47,2,0,1
47,1,1,1
47,0,0,1
47,-1,1,1
47,-2,1,2
47,-3,2,0
47,-4,2,0
47,-5,2,0
47,-6,2,3
47,-7,2,2
47,-8,2,0
47,-9,2,0
47,-10,-1,1
47,-11,2,0
47,-12,2,0
47,-13,2,3
47,-14,2,0
47,-15,2,1
47,-16,2,3
47,-17,3,0
48,4,0,3
48,3,0,2
48,2,1,2
48,1,0,0
48,0,1,0
48,-1,1,1
48,-2,2,2
48,-3,1,0
48,-4,2,1
48,-5,2,2
48,-6,2,2
48,-7,2,1
48,-8,2,1
48,-9,2,1
48,-10,2,0
48,-11,2,3
48,-12,2,0
48,-13,2,3
48,-14,2,0
48,-15,2,1
48,-16,2,0
48,-17,3,0
49,5,0,0
49,4,0,1
49,3,1,0
49,2,1,2
49,1,1,3
49,0,1,0
49,-1,2,0
49,-2,1,3
49,-3,2,3
49,-4,2,0
49,-5,2,3
49,-6,2,0
49,-7,2,1
49,-8,2,1
49,-9,2,0
49,-10,2,2
49,-11,2,0
49,-12,2,3
49,-13,2,0
49,-14,2,0
49,-15,2,0
49,-16,2,3
49,-17,3,0
50,4,0,3
50,3,0,1
50,2,0,0
50,1,1,1
50,0,1,3
50,-1,1,2
50,-2,1,2
50,-3,1,2
50,-4,2,3
50,-5,2,2
50,-6,2,0
50,-7,2,0
50,-8,2,3
50,-9,2,0
50,-10,2,3
50,-11,2,2
50,-12,2,3
50,-13,2,1
50,-14,2,3
50,-15,2,1
50,-16,-1,0
50,-17,3,0
51,4,0,3
51,3,0,0
51,2,0,1
51,1,1,3
51,0,1,3
51,-1,1,2
51,-2,1,1
51,-3,2,3
51,-4,2,2
51,-5,2,2
51,-6,2,3
51,-7,2,0
51,-8,2,0
51,-9,2,2
51,-10,2,2
51,-11,2,0
51,-12,2,1
51,-13,2,0
51,-14,2,1
51,-15,2,1
51,-16,2,0
51,-17,3,0
52,4,0,1
52,3,0,3
52,2,0,0
52,1,0,1
52,0,1,0
52,-1,1,0
52,-2,1,3
52,-3,2,1
52,-4,2,0
52,-5,2,2
52,-6,2,1
52,-7,2,0
52,-8,2,1
52,-9,2,1
52,-10,2,3
52,-11,2,1
52,-12,2,1
52,-13,2,1
52,-14,2,1
52,-15,2,2
52,-16,2,2
52,-17,3,0
53,4,0,0
53,3,0,0
53,2,0,2
53,1,0,3
53,0,1,0
53,-1,1,2
53,-2,1,2
53,-3,2,1
53,-4,2,1
53,-5,2,0
53,-6,2,0
53,-7,2,0
53,-8,2,0
53,-9,2,1
53,-10,2,2
53,-11,2,3
53,-12,2,3
53,-13,2,2
53,-14,2,1
53,-15,2,0
53,-16,2,3
53,-17,3,0
54,5,0,3
54,4,0,1
54,3,0,3
54,2,0,2
54,1,1,0
54,0,1,1
54,-1,2,3
54,-2,2,2
54,-3,2,2
54,-4,2,1
54,-5,2,3
54,-6,2,3
54,-7,2,0
54,-8,2,0
54,-9,2,2
54,-10,2,0
54,-11,2,2
54,-12,2,2
54,-13,2,0
54,-14,2,2
54,-15,2,1
54,-16,2,2
54,-17,3,0
55,5,0,2
55,4,0,0
55,3,0,2
55,2,1,0
55,1,1,2
55,0,1,2
55,-1,1,1
55,-2,2,1
55,-3,2,2
55,-4,2,3
55,-5,2,2
55,-6,2,3
55,-7,2,0
55,-8,2,3
55,-9,2,2
55,-10,2,1
55,-11,2,0
55,-12,2,0
55,-13,2,3
55,-14,2,2
55,-15,2,0
55,-16,2,3
55,-17,3,0
56,4,0,0
56,3,0,3
56,2,0,2
56,1,0,3
56,0,1,3
56,-1,1,3
56,-2,1,2
56,-3,2,3
56,-4,2,1
56,-5,2,1
56,-6,2,3
56,-7,2,0
56,-8,2,0
56,-9,2,3
56,-10,2,0
56,-11,2,3
56,-12,-1,0
56,-13,2,1
56,-14,2,1
56,-15,2,0
56,-16,2,2
56,-17,3,0
57,3,0,0
57,2,0,1
57,1,0,2
57,0,0,3
57,-1,1,2
57,-2,1,3
57,-3,1,3
57,-4,2,0
57,-5,2,1
57,-6,2,2
57,-7,2,0
57,-8,2,1
57,-9,2,3
57,-10,2,1
57,-11,2,0
57,-12,2,3
57,-13,2,0
57,-14,2,1
57,-15,2,2
57,-16,2,3
57,-17,3,0
58,3,0,1
58,2,0,3
58,1,0,1
58,0,1,1
58,-1,1,2
58,-2,1,1
58,-3,1,0
58,-4,2,1
58,-5,2,1
58,-6,2,2
58,-7,2,3
58,-8,2,1
58,-9,2,3
58,-10,2,3
58,-11,2,3
58,-12,2,2
58,-13,2,0
58,-14,2,2
58,-15,2,2
58,-16,2,0
58,-17,3,0
59,4,0,1
59,3,0,0
59,2,1,1
59,1,1,1
59,0,1,3
59,-1,1,1
59,-2,2,0
59,-3,2,3
59,-4,2,0
59,-5,2,3
59,-6,2,2
59,-7,2,1
59,-8,2,2
59,-9,2,3
59,-10,2,1
59,-11,2,3
59,-12,2,3
59,-13,2,3
59,-14,2,3
59,-15,2,3
59,-16,2,3
59,-17,3,0
60,5,0,2
60,4,0,3
60,3,1,1
60,2,1,3
60,1,1,2
60,0,1,3
60,-1,1,3
60,-2,1,0
60,-3,2,1
60,-4,2,1
60,-5,2,3
60,-6,2,1
60,-7,2,2
60,-8,2,1
60,-9,2,3
60,-10,2,2
60,-11,2,1
60,-12,2,1
60,-13,2,0
60,-14,2,1
60,-15,2,0
60,-16,2,0
60,-17,3,0
61,5,0,1
61,4,0,1
61,3,0,1
61,2,1,0
61,1,1,2
61,0,1,1
61,-1,1,1
61,-2,1,0
61,-3,2,3
61,-4,2,1
61,-5,2,2
61,-6,2,1
61,-7,2,3
61,-8,2,1
61,-9,2,2
61,-10,2,3
61,-11,2,2
61,-12,2,2
61,-13,2,0
61,-14,2,1
61,-15,2,3
61,-16,2,3
61,-17,3,0
62,5,0,1
62,4,0,2
62,3,0,1
62,2,1,2
62,1,1,3
62,0,1,0
62,-1,1,2
62,-2,1,1
62,-3,2,2
62,-4,2,2
62,-5,2,3
62,-6,2,1
62,-7,2,3
62,-8,2,2
62,-9,2,1
62,-10,2,1
62,-11,2,2
62,-12,2,3
62,-13,2,3
62,-14,2,2
62,-15,2,0
62,-16,-1,2
62,-17,3,0
63,5,0,2
63,4,0,3
63,3,0,3
63,2,1,1
63,1,1,1
63,0,1,1
63,-1,2,2
63,-2,2,2
63,-3,2,0
63,-4,2,0
63,-5,2,1
63,-6,2,3
63,-7,2,1
63,-8,2,0
63,-9,2,2
63,-10,2,1
63,-11,2,0
63,-12,2,2
63,-13,2,1
63,-14,2,2
63,-15,2,2
63,-16,2,1
63,-17,3,0
64,4,0,0
64,3,0,3
64,2,0,0
64,1,0,3
64,0,1,0
64,-1,1,1
64,-2,2,3
64,-3,2,0
64,-4,2,0
64,-5,2,3
64,-6,2,2
64,-7,2,1
64,-8,2,0
64,-9,2,2
64,-10,2,0
64,-11,2,2
64,-12,2,2
64,-13,2,1
64,-14,2,0
64,-15,2,2
64,-16,2,0
64,-17,3,0
65,4,0,0
65,3,0,2
65,2,0,2
65,1,1,1
65,0,1,2
65,-1,1,2
65,-2,1,1
65,-3,2,2
65,-4,2,3
65,-5,2,2
65,-6,2,3
65,-7,2,2
65,-8,2,2
65,-9,2,1
65,-10,2,0
65,-11,2,2
65,-12,2,2
65,-13,2,1
65,-14,2,2
65,-15,-1,1
65,-16,2,2
65,-17,3,0
66,3,0,0
66,2,0,3
66,1,0,0
66,0,1,0
66,-1,1,3
66,-2,1,1
66,-3,1,3
66,-4,1,2
66,-5,2,2
66,-6,2,1
66,-7,2,2
66,-8,2,2
66,-9,2,1
66,-10,2,3
66,-11,2,0
66,-12,2,1
66,-13,2,2
66,-14,2,1
66,-15,2,1
66,-16,2,3
66,-17,3,0
67,4,0,1
67,3,0,3
67,2,0,1
67,1,0,1
67,0,1,3
67,-1,1,0
67,-2,1,1
67,-3,2,2
67,-4,2,1
67,-5,2,1
67,-6,2,0
67,-7,2,1
67,-8,2,3
67,-9,2,1
67,-10,2,3
67,-11,2,0
67,-12,2,0
67,-13,2,1
67,-14,2,0
67,-15,2,0
67,-16,2,0
67,-17,3,0
68,4,0,2
68,3,0,0
68,2,0,3
68,1,1,3
68,0,1,3
68,-1,1,1
68,-2,2,0
68,-3,2,1
68,-4,2,0
68,-5,2,2
68,-6,2,0
68,-7,2,3
68,-8,2,1
68,-9,2,2
68,-10,2,1
68,-11,2,2
68,-12,2,2
68,-13,2,1
68,-14,2,1
68,-15,2,2
68,-16,2,3
68,-17,3,0
69,4,0,1
69,3,1,2
69,2,1,0
69,1,1,2
69,0,1,0
69,-1,1,3
69,-2,2,1
69,-3,2,2
69,-4,2,0
69,-5,2,0
69,-6,2,2
69,-7,2,2
69,-8,2,2
69,-9,2,1
69,-10,2,3
69,-11,2,2
69,-12,2,2
69,-13,2,0
69,-14,2,2
69,-15,2,1
69,-16,2,1
69,-17,3,0
70,4,0,0
70,3,0,1
70,2,1,1
70,1,0,1
70,0,1,1
70,-1,1,2
70,-2,1,3
70,-3,2,0
70,-4,2,3
70,-5,2,2
70,-6,2,1
70,-7,2,2
70,-8,2,2
70,-9,2,0
70,-10,2,3
70,-11,2,2
70,-12,2,1
70,-13,2,2
70,-14,2,1
70,-15,2,2
70,-16,2,3
70,-17,3,0
71,3,0,0
71,2,0,3
71,1,0,2
71,0,1,1
71,-1,1,1
71,-2,1,3
71,-3,2,1
71,-4,2,1
71,-5,2,3
71,-6,2,0
71,-7,2,0
71,-8,2,1
71,-9,2,3
71,-10,2,0
71,-11,2,3
71,-12,2,1
71,-13,2,3
71,-14,2,2
71,-15,2,2
71,-16,2,0
71,-17,3,0
72,3,0,1
72,2,0,1
72,1,1,2
72,0,1,1
72,-1,1,0
72,-2,1,0
72,-3,1,2
72,-4,1,0
72,-5,2,3
72,-6,2,3
72,-7,2,0
72,-8,2,3
72,-9,2,3
72,-10,2,0
72,-11,2,0
72,-12,2,1
72,-13,2,1
72,-14,2,3
72,-15,2,1
72,-16,2,3
72,-17,3,0
73,4,0,0
73,3,0,3
73,2,0,2
73,1,0,0
73,0,1,0
73,-1,1,1
73,-2,1,3
73,-3,2,0
73,-4,2,2
73,-5,2,3
73,-6,2,0
73,-7,2,0
73,-8,2,0
73,-9,2,3
73,-10,2,3
73,-11,2,2
73,-12,2,1
73,-13,2,1
73,-14,2,3
73,-15,2,3
73,-16,2,0
73,-17,3,0
74,5,0,0
74,4,0,0
74,3,0,2
74,2,0,0
74,1,1,3
74,0,1,2
74,-1,2,3
74,-2,1,0
74,-3,2,2
74,-4,2,0
74,-5,2,2
74,-6,2,3
74,-7,2,1
74,-8,2,3
74,-9,2,1
74,-10,2,3
74,-11,2,1
74,-12,2,1
74,-13,2,3
74,-14,2,3
74,-15,2,0
74,-16,2,1
74,-17,3,0
75,6,0,3
75,5,0,3
75,4,0,1
75,3,0,0
75,2,1,1
75,1,1,0
75,0,1,1
75,-1,2,2
75,-2,2,0
75,-3,2,3
75,-4,2,3
75,-5,2,1
75,-6,2,0
75,-7,2,0
75,-8,2,2
75,-9,2,3
75,-10,2,2
75,-11,2,0
75,-12,2,1
75,-13,2,2
75,-14,2,3
75,-15,2,1
75,-16,2,1
75,-17,3,0
76,7,0,2
76,6,0,2
76,5,0,3
76,4,0,1
76,3,1,3
76,2,1,3
76,1,2,3
76,0,2,2
76,-1,2,1
76,-2,2,3
76,-3,2,0
76,-4,2,2
76,-5,2,0
76,-6,2,3
76,-7,2,2
76,-8,2,3
76,-9,2,0
76,-10,2,0
76,-11,2,1
76,-12,-1,0
76,-13,2,2
76,-14,2,1
76,-15,2,0
76,-16,2,1
76,-17,3,0
77,7,0,2
77,6,0,1
77,5,0,1
77,4,1,1
77,3,1,3
77,2,1,2
77,1,2,0
77,0,1,2
77,-1,2,1
77,-2,2,1
77,-3,2,2
77,-4,2,3
77,-5,2,3
77,-6,2,1
77,-7,2,1
77,-8,2,1
77,-9,2,1
77,-10,2,3
77,-11,2,2
77,-12,2,1
77,-13,2,2
77,-14,2,0
77,-15,2,3
77,-16,2,2
77,-17,3,0
78,4,0,1
78,3,0,2
78,2,1,0
78,1,1,1
78,0,1,0
78,-1,2,3
78,-2,2,0
78,-3,2,3
78,-4,2,3
78,-5,2,3
78,-6,2,3
78,-7,2,3
78,-8,2,3
78,-9,2,0
78,-10,2,3
78,-11,2,3
78,-12,2,2
78,-13,2,3
78,-14,2,3
78,-15,2,0
78,-16,2,1
78,-17,3,0
79,5,0,3
79,4,1,2
79,3,1,3
79,2,1,3
79,1,1,1
79,0,2,3
79,-1,2,2
79,-2,2,2
79,-3,2,3
79,-4,2,2
79,-5,2,3
79,-6,2,1
79,-7,2,3
79,-8,2,2
79,-9,2,2
79,-10,2,1
79,-11,2,2
79,-12,2,3
79,-13,2,3
79,-14,2,0
79,-15,2,2
79,-16,2,0
79,-17,3,0
80,6,0,0
80,5,0,0
80,4,1,2
80,3,1,1
80,2,1,1
80,1,2,3
80,0,2,0
80,-1,2,3
80,-2,2,3
80,-3,2,1
80,-4,2,2
80,-5,2,0
80,-6,2,2
80,-7,2,0
80,-8,2,1
80,-9,2,2
80,-10,2,2
80,-11,2,0
80,-12,2,0
80,-13,2,3
80,-14,2,1
80,-15,2,1
80,-17,3,0
81,6,1,2
81,5,0,2
81,4,1,1
81,3,1,0
81,2,1,2
81,1,1,0
81,0,2,3
81,-1,2,2
81,-2,2,0
81,-3,2,3
81,-4,2,3
81,-5,2,3
81,-6,2,3
81,-7,2,1
81,-8,2,0
81,-9,2,1
81,-10,2,1
81,-11,2,0
81,-12,2,1
81,-13,2,3
81,-14,2,3
81,-15,2,1
81,-17,3,0
82,6,1,2
82,5,1,2
82,4,1,0
82,3,1,0
82,2,2,2
82,1,2,0
82,0,2,0
82,-1,2,1
82,-2,2,3
82,-3,2,0
82,-4,2,3
82,-5,2,0
82,-6,2,1
82,-7,2,1
82,-8,2,3
82,-9,2,0
82,-10,2,2
82,-11,2,3
82,-12,2,3
82,-13,2,3
82,-14,2,3
82,-17,3,0
83,8,0,1
83,7,0,2
83,6,0,2
83,5,1,0
83,4,1,3
83,3,1,3
83,2,1,1
83,1,1,2
83,0,2,1
83,-1,2,0
83,-2,2,2
83,-3,2,1
83,-4,2,2
83,-5,2,1
83,-6,2,2
83,-7,2,3
83,-8,2,1
83,-9,2,3
83,-10,2,3
83,-11,2,1
83,-12,2,1
83,-13,2,1
83,-14,2,0
83,-15,2,0
83,-17,3,0
84,8,0,2
84,7,0,2
84,6,1,3
84,5,1,1
84,4,1,1
84,3,1,0
84,2,1,0
84,1,1,1
84,0,2,2
84,-1,2,2
84,-2,2,2
84,-3,2,3
84,-4,2,0
84,-5,2,3
84,-6,2,3
84,-7,2,2
84,-8,2,0
84,-9,2,0
84,-10,2,3
84,-11,2,0
84,-12,2,1
84,-13,2,0
84,-14,-1,2
84,-15,2,0
84,-17,3,0
85,9,0,2
85,8,0,1
85,7,0,2
85,6,1,2
85,5,1,1
85,4,1,1
85,3,1,3
85,2,2,2
85,1,2,2
85,0,2,0
85,-1,2,2
85,-2,2,1
85,-3,2,2
85,-4,2,1
85,-5,2,0
85,-6,2,0
85,-7,2,0
85,-8,2,1
85,-9,2,2
85,-10,2,1
85,-11,2,3
85,-12,2,2
85,-13,2,2
85,-14,2,3
85,-17,3,0
86,10,0,1
86,9,0,3
86,8,0,2
86,7,1,0
86,6,1,1
86,5,1,1
86,4,1,1
86,3,2,0
86,2,2,0
86,1,2,3
86,0,2,0
86,-1,2,2
86,-2,2,3
86,-3,2,0
86,-4,2,0
86,-5,2,2
86,-6,2,1
86,-7,2,2
86,-8,2,3
86,-9,2,3
86,-10,2,2
86,-11,2,1
86,-12,2,3
86,-13,2,3
86,-17,3,0
87,11,0,3
87,10,0,2
87,9,0,0
87,8,0,3
87,7,1,3
87,6,1,1
87,5,1,3
87,4,2,1
87,3,2,1
87,2,2,3
87,1,2,0
87,0,2,2
87,-1,2,0
87,-2,2,1
87,-3,2,0
87,-4,2,3
87,-5,2,0
87,-6,2,2
87,-7,-1,2
87,-8,2,0
87,-9,2,2
87,-10,2,3
87,-11,2,0
87,-12,2,3
87,-17,3,0
88,12,0,0
88,11,0,3
88,10,1,3
88,9,1,3
88,8,1,2
88,7,1,3
88,6,1,1
88,5,2,3
88,4,2,1
88,3,2,2
88,2,2,0
88,1,2,1
88,0,2,2
88,-1,2,0
88,-2,2,0
88,-3,2,1
88,-4,-1,1
88,-5,2,2
88,-6,2,2
88,-7,2,1
88,-8,2,0
88,-9,2,2
88,-10,2,0
88,-11,2,3
88,-17,3,0
89,13,0,3
89,12,0,0
89,11,1,3
89,10,1,2
89,9,1,0
89,8,1,1
89,7,1,3
89,6,2,0
89,5,2,3
89,4,2,1
89,3,2,2
89,2,2,0
89,1,2,3
89,0,2,1
89,-1,2,3
89,-2,2,2
89,-3,2,0
89,-4,2,3
89,-5,2,1
89,-6,2,2
89,-7,2,0
89,-8,2,1
89,-9,2,0
89,-10,2,1
89,-17,3,0
90,14,0,1
90,13,0,2
90,12,0,3
90,11,1,2
90,10,1,2
90,9,1,0
90,8,2,2
90,7,2,3
90,6,2,2
90,5,2,1
90,4,2,0
90,3,2,1
90,2,2,1
90,1,2,1
90,0,2,3
90,-1,2,1
90,-2,2,3
90,-3,2,1
90,-4,2,0
90,-5,2,0
90,-6,2,1
90,-7,2,2
90,-8,2,1
90,-9,2,2
90,-17,3,0
91,13,0,1
91,12,0,0
91,11,1,1
91,10,0,1
91,9,1,0
91,8,1,2
91,7,1,3
91,6,1,2
91,5,2,0
91,4,2,2
91,3,2,1
91,2,2,1
91,1,2,1
91,0,2,1
91,-1,2,1
91,-2,2,1
91,-3,2,0
91,-4,2,0
91,-5,2,3
91,-6,2,2
91,-7,2,2
91,-8,2,3
91,-9,2,3
91,-10,2,2
91,-17,3,0
92,12,0,2
92,11,0,1
92,10,1,2
92,9,1,3
92,8,1,0
92,7,1,0
92,6,1,3
92,5,-1,0
92,4,2,3
92,3,2,0
92,2,2,0
92,1,2,3
92,0,2,0
92,-1,2,3
92,-2,2,0
92,-3,2,1
92,-4,2,1
92,-5,2,3
92,-6,2,1
92,-7,2,0
92,-8,2,1
92,-9,2,0
92,-10,2,0
92,-11,2,3
92,-17,3,0
93,11,0,3
93,10,0,2
93,9,0,0
93,8,0,1
93,7,1,1
93,6,1,1
93,5,1,1
93,4,2,1
93,3,2,2
93,2,2,0
93,1,2,1
93,0,2,0
93,-1,2,2
93,-2,2,2
93,-3,2,0
93,-4,2,0
93,-5,2,3
93,-6,2,1
93,-7,2,1
93,-8,2,0
93,-9,2,0
93,-10,2,0
93,-11,2,2
93,-12,2,2
93,-17,3,0
94,11,0,2
94,10,0,0
94,9,0,1
94,8,1,3
94,7,1,3
94,6,1,1
94,5,1,0
94,4,1,2
94,3,2,3
94,2,2,1
94,1,2,2
94,0,2,0
94,-1,2,2
94,-2,2,0
94,-3,2,3
94,-4,2,0
94,-5,2,2
94,-6,2,0
94,-7,2,3
94,-8,2,2
94,-9,2,2
94,-10,2,2
94,-11,2,2
94,-12,2,2
94,-17,3,0
95,12,0,3
95,11,0,0
95,10,0,1
95,9,0,2
95,8,1,3
95,7,1,1
95,6,1,0
95,5,1,1
95,4,2,0
95,3,2,3
95,2,2,3
95,1,2,1
95,0,2,1
95,-1,2,1
95,-2,2,1
95,-3,2,2
95,-4,2,2
95,-5,2,2
95,-6,2,1
95,-7,2,0
95,-8,2,2
95,-9,2,2
95,-10,2,0
95,-11,2,1
95,-17,3,0
96,13,0,3
96,12,0,1
96,11,1,3
96,10,1,1
96,9,1,2
96,8,1,0
96,7,1,1
96,6,1,1
96,5,2,1
96,4,2,1
96,3,2,3
96,2,2,3
96,1,2,1
96,0,2,2
96,-1,2,1
96,-2,2,0
96,-3,2,2
96,-4,2,3
96,-5,2,1
96,-6,2,1
96,-7,2,1
96,-8,2,3
96,-9,2,0
96,-10,2,3
96,-17,3,0
97,12,0,1
97,11,0,0
97,10,1,2
97,9,0,1
97,8,1,2
97,7,1,3
97,6,2,3
97,5,2,0
97,4,2,0
97,3,2,2
97,2,2,3
97,1,2,2
97,0,2,1
97,-1,2,1
97,-2,2,3
97,-3,2,1
97,-4,2,0
97,-5,2,1
97,-6,2,3
97,-7,2,3
97,-8,2,1
97,-9,2,1
97,-10,2,1
97,-11,2,1
97,-17,3,0
98,12,0,0
98,11,0,0
98,10,0,1
98,9,0,3
98,8,1,1
98,7,1,0
98,6,1,0
98,5,2,1
98,4,2,0
98,3,2,1
98,2,2,3
98,1,2,2
98,0,2,1
98,-1,2,3
98,-2,-1,3
98,-3,2,0
98,-4,2,0
98,-5,2,1
98,-6,2,2
98,-7,2,0
98,-8,2,1
98,-9,2,3
98,-10,2,0
98,-11,2,0
98,-17,3,0
99,13,0,0
99,12,0,1
99,11,1,0
99,10,1,0
99,9,1,3
99,8,1,2
99,7,2,2
99,6,2,0
99,5,2,2
99,4,2,0
99,3,2,2
99,2,2,0
99,1,2,1
99,0,2,1
99,-1,2,3
99,-2,2,2
99,-3,2,1
99,-4,2,0
99,-5,2,0
99,-6,2,0
99,-7,2,3
99,-8,2,2
99,-9,2,3
99,-10,2,3
99,-17,3,0
100,14,0,0
100,13,0,1
100,12,0,2
100,11,1,0
100,10,1,3
100,9,1,3
100,8,1,2
100,7,2,0
100,6,2,1
100,5,2,1
100,4,2,3
100,3,2,0
100,2,2,2
100,1,2,2
100,0,2,2
100,-1,2,3
100,-2,2,3
100,-3,2,3
100,-4,2,3
100,-5,2,1
100,-6,2,1
100,-7,2,1
100,-8,2,0
100,-9,2,0
100,-17,3,0
101,14,0,0
101,13,0,2
101,12,0,1
101,11,1,2
101,10,1,3
101,9,1,1
101,8,1,0
101,7,2,1
101,6,2,2
101,5,2,3
101,4,2,3
101,3,2,1
101,2,2,2
101,1,2,0
101,0,2,2
101,-1,2,1
101,-2,2,0
101,-3,2,0
101,-4,2,2
101,-5,2,3
101,-6,2,2
101,-7,2,0
101,-8,2,3
101,-9,2,3
101,-17,3,0
102,13,0,2
102,12,0,1
102,11,0,3
102,10,1,3
102,9,1,2
102,8,1,1
102,7,2,1
102,6,2,1
102,5,2,2
102,4,2,1
102,3,2,1
102,2,2,3
102,1,2,1
102,0,2,0
102,-1,2,1
102,-2,2,2
102,-3,2,3
102,-4,2,2
102,-5,2,0
102,-6,2,0
102,-7,2,3
102,-8,2,1
102,-9,2,1
102,-10,2,0
102,-17,3,0
103,14,0,1
103,13,0,1
103,12,0,3
103,11,1,3
103,10,1,1
103,9,1,0
103,8,1,2
103,7,2,3
103,6,2,1
103,5,2,1
103,4,2,0
103,3,2,3
103,2,-1,0
103,1,2,2
103,0,2,2
103,-1,2,0
103,-2,2,2
103,-3,2,3
103,-4,2,2
103,-5,2,1
103,-6,2,1
103,-7,2,0
103,-8,2,2
103,-9,2,0
103,-17,3,0
104,13,0,0
104,12,0,1
104,11,0,0
104,10,0,3
104,9,1,3
104,8,1,3
104,7,2,3
104,6,1,2
104,5,2,3
104,4,2,1
104,3,2,1
104,2,2,0
104,1,2,1
104,0,2,2
104,-1,2,3
104,-2,2,1
104,-3,2,3
104,-4,2,3
104,-5,2,2
104,-6,2,1
104,-7,2,0
104,-8,2,1
104,-9,2,2
104,-10,2,3
104,-17,3,0
105,12,0,3
105,11,0,3
105,10,1,1
105,9,0,0
105,8,1,3
105,7,1,0
105,6,2,1
105,5,-1,3
105,4,2,0
105,3,2,3
105,2,2,3
105,1,2,2
105,0,2,0
105,-1,2,1
105,-2,2,1
105,-3,2,2
105,-4,2,3
105,-5,2,1
105,-6,2,3
105,-7,2,3
105,-8,2,0
105,-9,2,1
105,-10,2,2
105,-11,2,3
105,-17,3,0
106,13,0,3
106,12,0,1
106,11,0,3
106,10,0,3
106,9,1,2
106,8,1,3
106,7,-1,2
106,6,1,2
106,5,2,2
106,4,2,3
106,3,2,1
106,2,2,0
106,1,2,3
106,0,2,1
106,-1,2,3
106,-2,2,2
106,-3,-1,0
106,-4,2,3
106,-5,2,0
106,-6,2,2
106,-7,2,2
106,-8,2,0
106,-9,2,2
106,-10,2,2
106,-17,3,0
107,12,0,3
107,11,0,2
107,10,1,2
107,9,0,3
107,8,1,1
107,7,1,0
107,6,1,2
107,5,2,0
107,4,2,3
107,3,2,3
107,2,2,2
107,1,2,2
107,0,2,2
107,-1,2,2
107,-2,2,1
107,-3,2,0
107,-4,2,1
107,-5,2,3
107,-6,2,1
107,-7,2,2
107,-8,2,1
107,-9,2,2
107,-10,2,1
107,-11,2,2
107,-17,3,0
108,12,0,1
108,11,0,0
108,10,1,3
108,9,1,0
108,8,1,0
108,7,1,2
108,6,1,0
108,5,1,1
108,4,2,2
108,3,2,2
108,2,2,1
108,1,2,0
108,0,2,0
108,-1,2,0
108,-2,2,2
108,-3,2,0
108,-4,2,1
108,-5,2,3
108,-6,2,2
108,-7,2,0
108,-8,2,2
108,-9,2,0
108,-10,2,0
108,-11,2,2
108,-17,3,0
109,11,0,3
109,10,0,1
109,9,0,3
109,8,1,1
109,7,1,0
109,6,1,2
109,5,2,1
109,4,2,3
109,3,2,1
109,2,2,1
109,1,2,1
109,0,2,2
109,-1,2,3
109,-2,2,3
109,-3,2,2
109,-4,2,3
109,-5,2,0
109,-6,2,3
109,-7,2,1
109,-8,2,3
109,-9,2,2
109,-10,2,2
109,-11,2,0
109,-12,2,2
109,-17,3,0
110,10,0,3
110,9,0,2
110,8,1,2
110,7,0,0
110,6,1,3
110,5,1,0
110,4,2,0
110,3,2,2
110,2,2,1
110,1,2,2
110,0,2,2
110,-1,2,2
110,-2,2,0
110,-3,2,2
110,-4,2,2
110,-5,2,3
110,-6,2,1
110,-7,2,0
110,-8,2,3
110,-9,2,3
110,-10,2,0
110,-11,2,2
110,-12,2,3
110,-13,2,0
110,-17,3,0
111,9,0,3
111,8,0,1
111,7,0,2
111,6,1,2
111,5,1,1
111,4,1,2
111,3,2,2
111,2,1,3
111,1,2,1
111,0,2,3
111,-1,2,0
111,-2,2,0
111,-3,2,3
111,-4,2,2
111,-5,2,0
111,-6,2,3
111,-7,2,0
111,-8,2,3
111,-9,2,2
111,-10,2,3
111,-11,2,3
111,-12,2,1
111,-13,2,0
111,-14,2,0
111,-17,3,0
112,8,0,1
112,7,0,3
112,6,0,0
112,5,0,0
112,4,1,3
112,3,1,1
112,2,2,0
112,1,2,0
112,0,2,3
112,-1,2,0
112,-2,2,3
112,-3,2,0
112,-4,2,1
112,-5,2,2
112,-6,2,3
112,-7,2,1
112,-8,2,2
112,-9,2,0
112,-10,2,0
112,-11,2,0
112,-12,2,2
112,-13,2,3
112,-14,2,1
112,-15,2,3
112,-17,3,0
113,7,0,0
113,6,0,0
113,5,1,0
113,4,0,2
113,3,1,0
113,2,1,1
113,1,2,1
113,0,2,1
113,-1,2,3
113,-2,2,0
113,-3,2,2
113,-4,2,1
113,-5,2,1
113,-6,2,3
113,-7,2,2
113,-8,2,1
113,-9,2,2
113,-10,2,3
113,-11,2,3
113,-12,2,2
113,-13,2,1
113,-14,2,1
113,-15,2,1
113,-16,2,0
113,-17,3,0
114,6,0,3
114,5,0,1
114,4,0,3
114,3,1,1
114,2,1,0
114,1,1,3
114,0,1,3
114,-1,1,2
114,-2,2,3
114,-3,2,1
114,-4,2,1
114,-5,2,1
114,-6,2,2
114,-7,2,0
114,-8,2,2
114,-9,2,2
114,-10,2,0
114,-11,2,0
114,-12,2,3
114,-13,2,2
114,-14,2,3
114,-15,2,3
114,-16,2,0
114,-17,3,0
115,6,0,3
115,5,0,3
115,4,0,3
115,3,0,0
115,2,1,1
115,1,1,3
115,0,2,0
115,-1,1,3
115,-2,2,0
115,-3,2,3
115,-4,2,1
115,-5,2,3
115,-6,2,1
115,-7,2,0
115,-8,2,0
115,-9,2,3
115,-10,2,3
115,-11,2,0
115,-12,2,3
115,-13,2,2
115,-14,2,2
115,-15,2,3
115,-16,2,0
115,-17,3,0
116,5,0,2
116,4,0,3
116,3,0,1
116,2,1,0
116,1,1,1
116,0,1,1
116,-1,1,0
116,-2,2,1
116,-3,2,3
116,-4,2,0
116,-5,2,2
116,-6,2,1
116,-7,2,3
116,-8,2,1
116,-9,2,3
116,-10,2,3
116,-11,2,2
116,-12,2,3
116,-13,2,2
116,-14,2,1
116,-15,2,3
116,-16,2,3
116,-17,3,0
117,4,0,1
117,3,0,2
117,2,1,2
117,1,0,0
117,0,1,2
117,-1,1,3
117,-2,2,2
117,-3,1,2
117,-4,2,2
117,-5,-1,0
117,-6,2,2
117,-7,2,0
117,-8,2,0
117,-9,2,3
117,-10,2,1
117,-11,2,3
117,-12,2,0
117,-13,2,0
117,-14,2,2
117,-15,2,1
117,-16,2,1
117,-17,3,0
118,4,0,1
118,3,0,3
118,2,0,0
118,1,1,2
118,0,1,3
118,-1,1,1
118,-2,1,2
118,-3,2,3
118,-4,2,3
118,-5,2,0
118,-6,2,2
118,-7,2,3
118,-8,2,1
118,-9,2,2
118,-10,2,0
118,-11,2,1
118,-12,2,1
118,-13,2,1
118,-14,2,2
118,-15,2,1
118,-16,2,0
118,-17,3,0
119,4,0,1
119,3,0,3
119,2,0,1
119,1,1,1
119,0,1,0
119,-1,1,3
119,-2,2,3
119,-3,1,2
119,-4,2,3
119,-5,2,3
119,-6,2,2
119,-7,2,1
119,-8,2,1
119,-9,2,3
119,-10,2,2
119,-11,2,1
119,-12,2,0
119,-13,2,1
119,-14,2,1
119,-15,2,3
119,-16,2,2
119,-17,3,0
120,4,0,1
120,3,0,0
120,2,0,0
120,1,0,1
120,0,1,2
120,-1,1,2
120,-2,1,2
120,-3,2,3
120,-4,2,2
120,-5,2,1
120,-6,2,2
120,-7,2,1
120,-8,2,0
120,-9,2,3
120,-10,2,2
120,-11,2,3
120,-12,2,2
120,-13,2,1
120,-14,2,1
120,-15,2,1
120,-16,2,1
120,-17,3,0
121,5,0,3
121,4,0,0
121,3,0,2
121,2,0,2
121,1,1,1
121,0,1,0
121,-1,1,0
121,-2,1,3
121,-3,2,1
121,-4,2,2
121,-5,2,1
121,-6,2,3
121,-7,2,2
121,-8,2,0
121,-9,2,3
121,-10,2,2
121,-11,2,0
121,-12,2,1
121,-13,2,2
121,-14,2,0
121,-15,2,2
121,-16,2,3
121,-17,3,0
122,5,0,0
122,4,0,0
122,3,1,0
122,2,1,2
122,1,1,2
122,0,1,0
122,-1,1,2
122,-2,-1,1
122,-3,2,1
122,-4,2,2
122,-5,2,0
122,-6,2,2
122,-7,2,0
122,-8,2,3
122,-9,2,0
122,-10,2,0
122,-11,2,3
122,-12,2,3
122,-13,2,2
122,-14,2,2
122,-15,2,3
122,-16,2,1
122,-17,3,0
123,4,0,2
123,3,0,2
123,2,1,3
123,1,1,2
123,0,1,0
123,-1,1,1
123,-2,1,1
123,-3,1,3
123,-4,2,1
123,-5,2,0
123,-6,2,0
123,-7,2,2
123,-8,2,2
123,-9,2,1
123,-10,2,2
123,-11,2,2
123,-12,2,2
123,-13,2,2
123,-14,2,2
123,-15,2,2
123,-16,2,0
123,-17,3,0
124,5,0,2
124,4,0,0
124,3,0,3
124,2,1,2
124,1,1,0
124,0,1,3
124,-1,1,0
124,-2,2,3
124,-3,2,1
124,-4,2,0
124,-5,2,3
124,-6,2,0
124,-7,2,3
124,-8,2,0
124,-9,2,1
124,-10,2,0
124,-11,2,1
124,-12,2,0
124,-13,-1,1
124,-14,2,1
124,-15,2,2
124,-16,2,0
124,-17,3,0
125,5,0,0
125,4,0,0
125,3,0,2
125,2,1,0
125,1,1,0
125,0,1,3
125,-1,1,1
125,-2,2,1
125,-3,2,3
125,-4,2,0
125,-5,2,2
125,-6,2,1
125,-7,2,2
125,-8,2,1
125,-9,2,2
125,-10,2,3
125,-11,2,2
125,-12,2,2
125,-13,2,3
125,-14,2,3
125,-15,2,3
125,-16,2,2
125,-17,3,0
126,5,0,1
126,4,0,1
126,3,0,1
126,2,1,0
126,1,1,2
126,0,1,3
126,-1,2,3
126,-2,2,1
126,-3,2,1
126,-4,2,2
126,-5,2,1
126,-6,2,2
126,-7,2,3
126,-8,2,3
126,-9,2,3
126,-10,2,3
126,-11,2,3
126,-12,2,0
126,-13,2,0
126,-14,2,0
126,-15,2,3
126,-16,2,2
126,-17,3,0
127,6,0,2
127,5,0,3
127,4,1,0
127,3,1,2
127,2,1,3
127,1,1,3
127,0,1,0
127,-1,2,3
127,-2,2,0
127,-3,2,0
127,-4,2,3
127,-5,2,3
127,-6,2,1
127,-7,2,1
127,-8,2,2
127,-9,2,1
127,-10,2,2
127,-11,2,1
127,-12,2,1
127,-13,2,0
127,-14,2,3
127,-15,2,2
127,-16,2,0
127,-17,3,0
64,8,4,0
64,7,4,0
63,9,4,0
62,9,4,0
64,10,4,0
64,11,4,0
65,9,4,0
66,9,4,0
